idx,ts,truth_ts,obs_target_yaw_deg,obs_gimbal_yaw_deg,obs_err_yaw_deg,truth_target_yaw_deg,truth_gimbal_yaw_deg,truth_err_yaw_deg,target_yaw_rate_dps,gimbal_yaw_rate_dps,detected,u_px,cx_px,f_px,yaw_rate_cmd_dps
0,1.5149999999999897,1.5149999999999897,-7.858362277953262,0.0,-7.858362277953262,-7.8589620073563236,0.0,-7.858962007356325,0.5502977861106128,0.0,1,99.16666666666667,320.0,1600.0,-60.0
1,1.5549999999999888,1.5549999999999888,-7.831997044757173,-0.12244897959183676,-7.709548065165336,-7.836822410987826,-0.12244897959183676,-7.714373431395984,0.5559794614949863,-15.918367346938778,1,103.4,320.0,1600.0,-60.0
2,1.594999999999988,1.594999999999988,-7.8125062094320015,-1.4644538819397588,-6.3480523274922405,-7.814455513230237,-1.4644538819397588,-6.350001631290468,0.5616627818382725,-39.210380836560816,1,142.0,320.0,1600.0,-60.0
3,1.6349999999999871,1.6349999999999871,-7.788740298875524,-3.090303408869074,-4.698436890006462,-7.791861248105236,-3.090303408869074,-4.701557839236159,0.5673477555397836,-41.434614534640865,1,188.5,320.0,1600.0,-60.0
4,1.6749999999999863,1.6749999999999863,-7.767616162565957,-4.780202810722703,-2.9874133518432586,-7.7690395493037645,-4.780202810722703,-2.988836738581057,0.5730343907429483,-42.855444722546814,1,236.5,320.0,1600.0,-60.0
5,1.7149999999999854,1.7149999999999854,-7.751513522168665,-6.52393469003411,-1.2275788321345544,-7.74599035019632,-6.52393469003411,-1.222055660162198,0.5787226953323973,-44.15210720046502,1,285.7142857142857,320.0,1600.0,-37.71428571428571
6,1.7549999999999846,1.7549999999999846,-7.729758831580938,-8.248987619165394,0.519228787584467,-7.722713583843366,-8.248987619165394,0.5262740353220181,0.5844126769310433,-36.86381483532754,1,334.5,320.0,1600.0,15.950000000000001
7,1.7949999999999837,1.7949999999999837,-7.696133105912111,-9.393024269907494,1.6968911639953888,-7.699209183005868,-9.393024269907494,1.6938150869016226,0.5901043428971502,-11.447586333854678,1,367.4,320.0,1600.0,52.13999999999998
8,1.8349999999999829,1.8349999999999829,-7.678826900459427,-9.289846008401026,1.611019107941587,-7.675477080155922,-9.289846008401026,1.6143689282451135,0.5957977003213949,16.32029853024914,1,365.0,320.0,1600.0,49.50000000000001
9,1.874999999999982,1.874999999999982,-7.662676407519484,-8.289324008351887,0.6266476008323991,-7.651517207487542,-8.289324008351887,0.6378068008643538,0.6014927560239198,26.88261169534737,1,337.5,320.0,1600.0,19.25
10,1.9149999999999812,1.9149999999999812,-7.620090645545986,-7.279900952321341,-0.34018969322465864,-7.627329496927524,-7.279900952321341,-0.3474285446061742,0.607189516551377,16.709203533994497,1,310.5,320.0,1600.0,-10.450000000000001
11,1.9549999999999803,1.9549999999999803,-7.6002671613955215,-6.925879234941241,-0.6743879264542727,-7.6029138801464535,-6.925879234941241,-0.6770346452052252,0.6128879881739634,-1.266073455203335,1,301.1666666666667,320.0,1600.0,-20.716666666666647
12,1.9949999999999795,1.9949999999999795,-7.569351218926272,-7.25303398324602,-0.31631723568025905,-7.578270288569821,-7.25303398324602,-0.32523630532381276,0.6185881768824478,-12.77418459522002,1,311.1666666666667,320.0,1600.0,-9.716666666666647
13,2.034999999999979,2.034999999999979,-7.5496446603770835,-7.827168921990351,0.27752426161328003,-7.55339865338927,-7.827168921990351,0.27377026860108344,0.6242900883851887,-11.691981605950188,1,327.75,320.0,1600.0,8.525
14,2.074999999999978,2.074999999999978,-7.528407198535746,-8.155054799368166,0.6266476008324275,-7.528298905573937,-8.155054799368166,0.6267558937942397,0.6299937281051448,-2.172065108731332,1,337.5,320.0,1600.0,19.25
15,2.114999999999977,2.114999999999977,-7.499970847648484,-8.051425696841934,0.5514548491934477,-7.502970975881945,-8.051425696841934,0.5484547209599953,0.635699101176875,6.91420217813215,1,335.4,320.0,1600.0,16.939999999999976
16,2.1549999999999763,2.1549999999999763,-7.475891654319327,-7.676426063768949,0.20053440944963086,-7.477414794871993,-7.676426063768949,0.1990112688969532,0.6414062124435324,9.505632041017357,1,325.6,320.0,1600.0,6.160000000000026
17,2.1949999999999754,2.1949999999999754,-7.4533416939855215,-7.331588345784167,-0.12175334820136641,-7.4516302929150795,-7.331588345784167,-0.12004194713091465,0.6471150664538473,5.506630055974943,1,316.6,320.0,1600.0,-3.7399999999999753
18,2.2349999999999746,2.2349999999999746,-7.426594730674253,-7.221967816708397,-0.20462691396585342,-7.425617400206329,-7.221967816708397,-0.20364958349793483,0.6528256674591043,-0.666294702393795,1,314.2857142857143,320.0,1600.0,-6.285714285714295
19,2.2749999999999737,2.2749999999999737,-7.395566804636729,-7.33827104422222,-0.05729576041451878,-7.399376046776973,-7.33827104422222,-0.06110500255473994,0.658538019410109,-4.1738817412418685,1,318.4,320.0,1600.0,0.0
20,2.314999999999973,2.314999999999973,-7.37347843802263,-7.510749313794053,0.13727087577143493,-7.372906162506407,-7.510749313794053,0.13784315128765456,0.6642521259541478,-2.5770005489307164,1,323.8333333333333,320.0,1600.0,4.216666666666646
21,2.354999999999972,2.354999999999972,-7.3528294099913865,-7.549782876309315,0.19695346631792177,-7.346207677134414,-7.549782876309315,0.20357519917490663,0.6699679904319386,0.62970205148702,1,325.5,320.0,1600.0,6.050000000000001
22,2.394999999999971,2.394999999999971,-7.3187346149805705,-7.479878569970731,0.1611439549901661,-7.319280520273475,-7.479878569970731,0.16059804969725633,0.6756856158745735,2.5906593180938517,1,324.5,320.0,1600.0,4.95
23,2.4349999999999703,2.4349999999999703,-7.287403140948015,-7.3590228280374514,0.07161968708942368,-7.292124621421231,-7.3590228280374514,0.06689820661623003,0.6814050050004548,2.874483926655295,1,322.0,320.0,1600.0,-18.050211612717607
24,2.4749999999999694,2.4749999999999694,-7.265129123270299,-7.318843900827077,0.05371477755679166,-7.264739909973038,-7.318843900827077,0.05410399085403128,0.68712616021222,-5.964544847493528,1,321.5,320.0,1600.0,-18.050211612717607
25,2.5149999999999686,2.5149999999999686,-7.232082575743078,-7.751311363327537,0.519228787584467,-7.237126315234671,-7.751311363327537,0.5141850480928554,0.692849083593662,-12.09125871828192,1,334.5,320.0,1600.0,-18.050211612717607
26,2.5549999999999677,2.5549999999999677,-7.211405454649963,-8.249777761108344,1.0383723064583705,-7.2092837664351395,-8.249777761108344,1.0404939946731986,0.6985737769066399,-12.679208513064426,1,349.0,320.0,1600.0,-27.297980586543037
27,2.594999999999967,2.594999999999967,-7.183630602971164,-8.79464971091277,1.6110191079416154,-7.181212192739628,-8.79464971091277,1.6134375181731286,0.7043002415879809,-16.610487879583957,1,365.0,320.0,1600.0,-27.297980586543037
28,2.634999999999966,2.634999999999966,-7.14911321209388,-9.546973072401757,2.397859860307875,-7.152911523262556,-9.546973072401757,2.394061549139195,0.7100284787463772,-19.51209182425916,1,387.0,320.0,1600.0,-27.297980586543037
29,2.674999999999965,2.674999999999965,-7.123190855612677,-10.342685752465492,3.219494896852808,-7.124381687080774,-10.342685752465492,3.2183040653847286,0.7157584891592728,-20.1559327173041,1,410.0,320.0,1600.0,60.0
30,2.7149999999999643,2.7149999999999643,-7.088416984723182,-10.995854337430277,3.907437352707092,-7.095622613246875,-10.995854337430277,3.9002317241834135,0.7214902732697444,0.8084424370437979,1,429.2857142857143,320.0,1600.0,60.0
31,2.7549999999999635,2.7549999999999635,-7.072722256730003,-9.941080878689338,2.868358621959345,-7.066634230802627,-9.941080878689338,2.874446647886714,0.7272238311833735,35.69840395357882,1,400.1666666666667,320.0,1600.0,60.0
32,2.7949999999999626,2.7949999999999626,-7.034530219791208,-8.43083835475972,1.396308134968507,-7.03741646879255,-8.43083835475972,1.3934218859671716,0.7329591626651124,38.75524283040654,1,359.0,320.0,1600.0,20.315468897191607
33,2.8349999999999618,2.8349999999999618,-7.000439611725625,-6.964629754192681,-0.035809857532939304,-7.007969256277593,-6.964629754192681,-0.04333950208490478,0.7386962671361421,25.281584435565478,1,319.0,320.0,1600.0,20.315468897191607
34,2.874999999999961,2.874999999999961,-6.976335334288251,-6.260175388817853,-0.7161599454703946,-6.978292522348954,-6.260175388817853,-0.7181171335311092,0.7444351436707239,15.923298712308771,1,300.0,320.0,1600.0,20.315468897191607
35,2.91499999999996,2.91499999999996,-6.942312764861185,-5.623549104527924,-1.3187636603332749,-6.948386196142023,-5.623549104527924,-1.3248370916140857,0.7501757909930428,16.01856168965131,1,283.1666666666667,320.0,1600.0,-60.0
36,2.954999999999959,2.954999999999959,-6.915789331149,-5.131841229895792,-1.783948101253202,-6.9182502068504474,-5.131841229895792,-1.7864089769546467,0.7559182074740445,-3.9733533928576685,1,270.1666666666667,320.0,1600.0,-60.0
37,2.9949999999999584,2.9949999999999584,-6.88639598745533,-6.234684602972021,-0.6517113844833204,-6.887884483740328,-6.234684602972021,-0.6531998807683124,0.7616623911282667,-35.768818970402975,1,301.8,320.0,1600.0,-60.0
38,3.0349999999999575,3.0349999999999575,-6.863735714482772,-7.741008777048381,0.8772730625656209,-6.85728895616454,-7.741008777048381,0.8837198208838402,0.7674083396106626,-38.621146536637234,1,344.5,320.0,1600.0,-60.0
39,3.0749999999999567,3.0749999999999567,-6.824396425940307,-9.323532357636712,2.499135931696401,-6.82646355357718,-9.323532357636712,2.4970688040595235,0.7731560502134177,-40.2643866312323,1,389.8333333333333,320.0,1600.0,-60.0
40,3.114999999999956,3.114999999999956,-6.7917153686683776,-10.968088594273208,4.176373225604834,-6.795408205548145,-10.968088594273208,4.17268038872507,0.778905519862761,-41.75720096610445,1,436.8333333333333,320.0,1600.0,-60.0
41,3.154999999999955,3.154999999999955,-6.764235695246242,-12.669765934223205,5.905530238976951,-6.76412284177783,-12.669765934223205,5.905643092445388,0.7846567451157694,-43.13646111426252,1,485.5,320.0,1600.0,60.0
42,3.194999999999954,3.194999999999954,-6.732132157864925,-14.209462464525735,7.477330306660804,-6.732607392111969,-14.209462464525735,7.47685507241377,0.7904097221571669,-16.483115298348103,1,530.0,320.0,1600.0,60.0
43,3.2349999999999532,3.2349999999999532,-6.698459050539441,-13.488274324578537,6.789815274039086,-6.700861786556588,-13.488274324578537,6.787412538021954,0.7961644467961168,32.248827898023755,1,510.5,320.0,1600.0,60.0
44,3.2749999999999524,3.2749999999999524,-6.680988533455377,-12.07822494364645,5.397236410191084,-6.668885955293093,-12.07822494364645,5.409338988353369,0.8019209144630076,36.525833872613646,1,471.1666666666667,320.0,1600.0,60.0
45,3.3149999999999515,3.3149999999999515,-6.636058092976896,-10.574894556326973,3.9388364633500714,-6.636679828693487,-10.574894556326973,3.9382147276334933,0.8076791202062363,38.35803124467339,1,430.1666666666667,320.0,1600.0,60.0
46,3.3549999999999507,3.3549999999999507,-6.59521244992402,-9.003285713587367,2.40807326366334,-6.604243337335723,-9.003285713587367,2.399042376251657,0.8134390586889827,39.99578016208662,1,387.2857142857143,320.0,1600.0,60.0
47,3.39499999999995,3.39499999999995,-6.57529929007427,-7.3690337887574415,0.7937344986831647,-6.571576412019171,-7.3690337887574415,0.7974573767382651,0.8192007241859802,41.508233237294064,1,342.1666666666667,320.0,1600.0,44.3041056246556
48,3.434999999999949,3.434999999999949,-6.5425940998928525,-5.724991080184193,-0.8176030197086561,-6.53867898378022,-5.724991080184193,-0.8136879035960192,0.824964110580281,36.92924624168791,1,297.1666666666667,320.0,1600.0,44.3041056246556
49,3.474999999999948,3.474999999999948,-6.5066569632253675,-4.35311162898107,-2.153545334244285,-6.505550983908021,-4.35311162898107,-2.1524393549269405,0.8307292113600173,33.93362831593832,1,259.8333333333333,320.0,1600.0,44.3041056246556
50,3.5149999999999473,3.5149999999999473,-6.48007494062594,-2.981033170773215,-3.499041769852738,-6.472192343960342,-2.981033170773215,-3.4911591731871283,0.8364960196151566,34.62401573713128,1,222.16666666666666,320.0,1600.0,-60.0
51,3.5549999999999464,3.5549999999999464,-6.437934577764338,-1.7750690953399602,-4.662865482424365,-6.438602995779564,-1.7750690953399602,-4.663533900439603,0.8422645280342527,9.925119238801457,1,189.5,320.0,1600.0,-60.0
52,3.5949999999999456,3.5949999999999456,-6.4002243703695285,-2.5980335040595346,-3.802190866309985,-6.4047828715088055,-2.5980335040595346,-3.806749367449271,0.8480347289011929,-31.916434925379228,1,213.66666666666666,320.0,1600.0,-60.0
53,3.6349999999999447,3.6349999999999447,-6.365010972106404,-3.9731090008795524,-2.3919019712268437,-6.370731903608173,-3.9731090008795524,-2.397622902728614,0.8538066140919407,-35.54846572961511,1,253.16666666666666,320.0,1600.0,-60.0
54,3.674999999999944,3.674999999999944,-6.339580324616378,-5.438439770521595,-0.9011405540947806,-6.336450024871147,-5.438439770521595,-0.8980102543495434,0.8595801750712744,-37.43689136658796,1,294.8333333333333,320.0,1600.0,-60.0
55,3.714999999999943,3.714999999999943,-6.308739039426769,-6.974772474622607,0.6660334351958284,-6.301937168441096,-6.974772474622607,0.6728353061814971,0.8653554028895228,-39.143817098078266,1,338.6,320.0,1600.0,-60.0
56,3.754999999999942,3.754999999999942,-6.267925214603565,-8.576411362539185,2.3084861479356107,-6.2671932678279205,-8.576411362539185,2.3092180947112695,0.8711322881792954,-40.72067031345287,1,384.5,320.0,1600.0,-60.0
57,3.7949999999999413,3.7949999999999413,-6.240176651999917,-10.238410341389168,3.9982336893892523,-6.232218256924828,-10.238410341389168,4.006192084464345,0.8769108211522122,-42.17827909230928,1,431.8333333333333,320.0,1600.0,-60.0
58,3.8349999999999405,3.8349999999999405,-6.192434526726942,-11.956205676534568,5.7637711498076385,-6.197012070025241,-11.956205676534568,5.759193606509314,0.8826909915956286,-43.525685078696924,1,481.5,320.0,1600.0,-60.0
59,3.8749999999999396,3.8749999999999396,-6.160257826434133,-13.725578894866416,7.565321068432297,-6.161574641839835,-13.725578894866416,7.564004253026582,0.8884727888693573,-44.77122081310383,1,532.5,320.0,1600.0,60.0
60,3.9149999999999388,3.9149999999999388,-6.119969056595949,-15.324933122234592,9.204964065638649,-6.125905907513707,-15.324933122234592,9.1990272147209,0.8942562019023885,-17.615394427437305,1,579.2857142857143,320.0,1600.0,60.0
61,3.954999999999938,3.954999999999938,-6.093922319234281,-14.64219806097018,8.548275741735893,-6.090005802643676,-14.64219806097018,8.5521922583265,0.9000412191896076,30.949893646535514,1,560.5,320.0,1600.0,60.0
62,3.994999999999937,3.994999999999937,-6.0554120469905115,-13.286180695115242,7.230768648124723,-6.053874263295709,-13.286180695115242,7.232306431819524,0.9058278287885109,35.19531296278391,1,523.0,320.0,1600.0,60.0
63,4.034999999999936,4.034999999999936,-6.016956250846022,-11.833895451051516,5.816939200205496,-6.0175112260224966,-11.833895451051516,5.816384225029026,0.9116160183159189,37.12468238693003,1,483.0,320.0,1600.0,60.0
64,4.074999999999935,4.074999999999935,-5.984740226535024,-10.309501449415308,4.324761222880284,-5.980916627881132,-10.309501449415308,4.328584821534179,0.9174057749446882,38.85558808179407,1,441.0,320.0,1600.0,60.0
65,4.1149999999999345,4.1149999999999345,-5.945798528080218,-8.718895464719958,2.773096936639746,-5.944090406450949,-8.718895464719958,2.77480505826901,0.9231970854004238,40.454242665995785,1,397.5,320.0,1600.0,60.0
66,4.154999999999934,4.154999999999934,-5.911105066097406,-7.067095165931999,1.1559900998345825,-5.907032499851473,-7.067095165931999,1.1600626660805347,0.9289899359581876,41.931994889725225,1,352.2857142857143,320.0,1600.0,60.0
67,4.194999999999933,4.194999999999933,-5.874375533854305,-5.358727440434361,-0.5156480934199408,-5.869742846760513,-5.358727440434361,-0.5110154063261518,0.9347843124392079,43.29802112768692,1,305.6,320.0,1600.0,60.0
68,4.234999999999932,4.234999999999932,-5.83504812347536,-3.5980690600376692,-2.236979063437701,-5.832221386432377,-3.5980690600376692,-2.2341523263947067,0.9405802002075888,44.56076932832665,1,257.5,320.0,1600.0,-7.6435619769727
69,4.274999999999931,4.274999999999931,-5.791563746630146,-1.9923439235478002,-3.7992198230823533,-5.794468058716236,-1.9923439235478002,-3.802124135168441,0.9463775841670186,20.279823963197305,1,213.75,320.0,1600.0,-7.6435619769727
70,4.31499999999993,4.31499999999993,-5.757425169532183,-1.7473130636937808,-4.010112105838402,-5.756482804074594,-1.7473130636937808,-4.009169740380798,0.9521764487574781,2.5645591191309594,1,207.83333333333334,320.0,1600.0,-7.6435619769727
71,4.354999999999929,4.354999999999929,-5.727637327844008,-1.6759534900155582,-4.051683837828449,-5.718265563601914,-1.6759534900155582,-4.042312073586345,0.9579767779519512,1.3814202139941014,1,206.66666666666666,320.0,1600.0,-60.0
72,4.3949999999999285,4.3949999999999285,-5.67460631572493,-1.7595311244367196,-3.9150751912882242,-5.679816279043359,-1.7595311244367196,-3.9202851546066313,0.9637785552531337,-15.290878314894849,1,210.5,320.0,1600.0,-60.0
73,4.434999999999928,4.434999999999928,-5.645236880149156,-2.961461720680174,-2.683775159468979,-5.641134892813677,-2.961461720680174,-2.679673172133505,0.9695817636901456,-34.20483945294982,1,245.0,320.0,1600.0,-60.0
74,4.474999999999927,4.474999999999927,-5.599279307844512,-4.387892837679387,-1.211386470165138,-5.602221348016204,-4.387892837679387,-1.214328510336827,0.9753863858152435,-36.57232231358508,1,286.1666666666667,320.0,1600.0,-60.0
75,4.514999999999926,4.514999999999926,-5.563207294302487,-5.89146077300128,0.32825347869879806,-5.563075588462014,-5.89146077300128,0.3283851845392576,0.9811924037005354,-38.354564493917344,1,329.1666666666667,320.0,1600.0,-60.0
76,4.554999999999925,4.554999999999925,-5.523935915558184,-7.462896260291631,1.9389603447334594,-5.523697558689184,-7.462896260291631,1.939198701602436,0.9869997989346965,-39.99135124809507,1,374.1666666666667,320.0,1600.0,-60.0
77,4.594999999999924,4.594999999999924,-5.484974070658296,-9.09697757735401,3.6120035066957143,-5.484087203982205,-9.09697757735401,3.612890373371812,0.9928085526196896,-41.504106895869235,1,421.0,320.0,1600.0,-3.9215902592691467
78,4.634999999999923,4.634999999999923,-5.448964213887223,-10.617100710980594,5.168136497093371,-5.444244470391513,-10.617100710980594,5.172856240589084,0.9986186453674865,-21.547624945870755,1,464.7142857142857,320.0,1600.0,-3.9215902592691467
79,4.6749999999999226,4.6749999999999226,-5.405218500751118,-11.027159721508822,5.621941220757691,-5.404169304753162,-11.027159721508822,5.62299041675567,1.004430057296793,-7.520142521711063,1,477.5,320.0,1600.0,-3.9215902592691467
80,4.714999999999922,4.714999999999922,-5.362111656611432,-11.310661632612291,5.948549976000862,-5.36386165470861,-11.310661632612291,5.94679997790368,1.010242768029778,-6.913412061914354,1,486.7142857142857,320.0,1600.0,60.0
81,4.754999999999921,4.754999999999921,-5.322047916970519,-11.44598074201493,6.12393282504442,-5.3233214687246635,-11.44598074201493,6.122659273290253,1.0160567566888061,10.971313271889887,1,491.6666666666667,320.0,1600.0,60.0
82,4.79499999999992,4.79499999999992,-5.284145590626821,-10.259405079990827,4.975259489364021,-5.282548696113523,-10.259405079990827,4.976856383877305,1.0218720018931737,35.334523904457406,1,459.2857142857143,320.0,1600.0,60.0
83,4.834999999999919,4.834999999999919,-5.232065551374831,-8.782920274025585,3.5508547226507403,-5.241543287052977,-8.782920274025585,3.541376986972608,1.0276884817558534,37.821695653622825,1,419.2857142857143,320.0,1600.0,60.0
84,4.874999999999918,4.874999999999918,-5.197009030658307,-7.231347558084408,2.034338527426087,-5.200305192606727,-7.231347558084408,2.031042365477674,1.0335061738802367,39.51488614532761,1,376.8333333333333,320.0,1600.0,60.0
85,4.914999999999917,4.914999999999917,-5.155940885654019,-5.615490929139077,0.45955004348505213,-5.158834364744827,-5.615490929139077,0.45665656439425106,1.0393250553568898,41.06408965714069,1,332.8333333333333,320.0,1600.0,60.0
86,4.954999999999917,4.954999999999917,-5.12190364198608,-3.940345711749665,-1.1815579302364085,-5.117130756364274,-3.940345711749665,-1.1767850446146042,1.0451451027603105,42.49574499054327,1,287.0,320.0,1600.0,60.0
87,4.994999999999916,4.994999999999916,-5.078756587215224,-2.210397965255887,-2.868358621959345,-5.075194321309705,-2.210397965255887,-2.86479635605383,1.0509662921456921,43.81914934243638,1,239.83333333333334,320.0,1600.0,60.0
88,5.034999999999915,5.034999999999915,-5.029127280812702,-0.42979111268049053,-4.599336168132197,-5.033025014394248,-0.42979111268049053,-4.6032339017137645,1.0567885990456958,45.04249780491962,1,191.28571428571428,320.0,1600.0,60.0
89,5.074999999999914,5.074999999999914,-4.991671660970383,1.3976447766858293,-6.38931643765622,-4.990622791420481,1.3976447766858293,-6.388267568106301,1.0626119984672278,46.173355359015446,1,140.83333333333334,320.0,1600.0,-60.0
90,5.114999999999913,5.114999999999913,-4.9465281613078105,3.0481674659828433,-7.994695627290639,-4.947987609201529,3.0481674659828433,-7.996155075184362,1.0684364648882267,18.586551337866016,1,95.28571428571429,320.0,1600.0,-60.0
91,5.154999999999912,5.154999999999912,-4.902829071713114,2.3984136480861316,-7.301242719799234,-4.905119425582291,2.3984136480861316,-7.303533073668433,1.0742619722544575,-29.83579645090914,1,115.0,320.0,1600.0,-60.0
92,5.1949999999999115,5.1949999999999115,-4.864027640568423,1.0887395952126786,-5.952767235781096,-4.862018199460791,1.0887395952126786,-5.950757794673478,1.0800884939763116,-34.05412385694323,1,153.16666666666666,320.0,1600.0,-60.0
93,5.234999999999911,5.234999999999911,-4.81658255639357,-0.31976417878070806,-4.496818377612868,-4.818683890809662,-0.31976417878070806,-4.498919712028965,1.0859160029256223,-36.066837846627266,1,194.16666666666666,320.0,1600.0,-60.0
94,5.27499999999991,5.27499999999991,-4.773218727462961,-1.8036619643066354,-2.9695567631563335,-4.775116460697745,-1.8036619643066354,-2.971454496391118,1.091744471432483,-37.877644202037,1,237.0,320.0,1600.0,-60.0
95,5.314999999999909,5.314999999999909,-4.731667563366841,-3.3568327827974414,-1.3748347805693868,-4.731315871311833,-3.3568327827974414,-1.3744830885143813,1.097573871282079,-39.550233906122294,1,281.6,320.0,1600.0,-60.0
96,5.354999999999908,5.354999999999908,-4.687551662576908,-4.974028172853989,0.2864765102770832,-4.687282085978526,-4.974028172853989,0.28674608687546765,1.1034041737115279,-41.096333392473205,1,328.0,320.0,1600.0,-60.0
97,5.394999999999907,5.394999999999907,-4.6399122646020885,-6.650407283111309,2.010495018509232,-4.64301506918622,-6.650407283111309,2.007392213925101,1.1092353494067329,-42.52553957071735,1,376.1666666666667,320.0,1600.0,-60.0
98,5.434999999999906,5.434999999999906,-4.597131237764728,-8.381495538101863,3.7843643003371312,-4.598514786607223,-8.381495538101863,3.782980751494648,1.115067368499245,-43.84669101221809,1,425.8333333333333,320.0,1600.0,-60.0
99,5.4749999999999055,5.4749999999999055,-4.548815446578317,-10.16315666882689,5.614341222248584,-4.553781205119986,-10.16315666882689,5.609375463706897,1.120900200563139,-45.06795718695197,1,477.2857142857143,320.0,1600.0,-60.0
100,5.514999999999905,5.514999999999905,-4.508369662079446,-11.991567127886546,7.483197465807109,-4.508814292831475,-11.991567127886546,7.4827528350550665,1.1267338146119008,-46.19688989174938,1,530.1666666666666,320.0,1600.0,-60.0
101,5.554999999999904,5.554999999999904,-4.458950075734208,-13.863192446062707,9.40424237032849,-4.4636140190996505,-13.863192446062707,9.399578426963046,1.1325681790953284,-47.24046997146232,1,585.0,320.0,1600.0,60.0
102,5.594999999999903,5.594999999999903,-4.4207366839901,-15.55265762741936,11.131920943429265,-4.4181803545560845,-15.55265762741936,11.134477272863279,1.1384032618964446,-19.325664237636936,1,634.8333333333334,320.0,1600.0,60.0
103,5.634999999999902,5.634999999999902,-4.377552373161819,-14.92800465796617,10.55045228480435,-4.372513271128689,-14.92800465796617,10.555491386837474,1.1442390303284267,28.987896796338823,1,618.0,320.0,1600.0,60.0
104,5.674999999999901,5.674999999999901,-4.329042528391369,-13.653600848320062,9.324558319928684,-4.326612742064575,-13.653600848320062,9.326988106255499,1.1500754511315456,33.18560551541944,1,582.7142857142857,320.0,1600.0,60.0
105,5.7149999999999,5.7149999999999,-4.27368873295913,-12.278417590251994,8.00472885729286,-4.280478741953036,-12.278417590251994,7.997938848298958,1.155912490470126,35.26175008244209,1,545.0,320.0,1600.0,60.0
106,5.7549999999998995,5.7549999999998995,-4.2298036836211566,-10.825340030991878,6.595536347370711,-4.234111246748637,-10.825340030991878,6.591228784243242,1.1617501139295177,37.133365981886755,1,505.0,320.0,1600.0,60.0
107,5.794999999999899,5.794999999999899,-4.179209217270937,-9.30065978281955,5.121450565548599,-4.1875102337944465,-9.30065978281955,5.11314954902511,1.1675882865130855,38.86222506969907,1,463.4,320.0,1600.0,60.0
108,5.834999999999898,5.834999999999898,-4.143658271571127,-7.70980095502614,3.5661426834550127,-4.140675681845371,-7.70980095502614,3.5691252731807595,1.173426972639214,40.46034122083927,1,419.7142857142857,320.0,1600.0,60.0
109,5.874999999999897,5.874999999999897,-4.094961320401637,-6.057767239334867,1.9628059189332419,-4.093607571091618,-6.057767239334867,1.9641596682432407,1.1792661361383303,41.93763139907153,1,374.8333333333333,320.0,1600.0,60.0
110,5.914999999999896,5.914999999999896,-4.044802787319213,-4.349183752524228,0.3043809652050129,-4.046305883182274,-4.349183752524228,0.3028778693419554,1.1851057402499456,43.30323146493488,1,328.5,320.0,1600.0,60.0
111,5.954999999999895,5.954999999999895,-4.002528221132707,-2.5883259236006237,-1.4142022975320856,-3.9987706012490034,-2.5883259236006237,-1.4104446776483712,1.1909457476197136,44.56558573888817,1,280.5,320.0,1600.0,60.0
112,5.994999999999894,5.994999999999894,-3.94866271535858,-0.77914593882875,-3.169516776529832,-3.951001709929857,-0.77914593882875,-3.171855771101093,1.196786120296508,45.73250008924981,1,231.4,320.0,1600.0,60.0
113,6.034999999999894,6.034999999999894,-3.900556669952266,1.07470281941174,-4.975259489364021,-3.9029991953932126,1.07470281941174,-4.977702014804947,1.2026268197295216,46.81119022338598,1,180.71428571428572,320.0,1600.0,9.061717206693988
114,6.074999999999893,6.074999999999893,-3.858357918694338,2.8137309890629467,-6.672088907757285,-3.854763045361814,2.8137309890629467,-6.668494034424754,1.2084678067653836,28.41084629708521,1,132.83333333333334,320.0,1600.0,9.061717206693988
115,6.114999999999892,6.114999999999892,-3.8125454449867675,3.5339903219833615,-7.346535766970135,-3.806293249136933,3.5339903219833615,-7.340283571120295,1.214309041645298,15.416697174086014,1,113.71428571428571,320.0,1600.0,9.061717206693988
116,6.154999999999891,6.154999999999891,-3.755671313575192,4.1296302222712375,-7.885301535846423,-3.75758979762265,4.1296302222712375,-7.887220019893874,1.2201504840022044,14.632242896650535,1,98.4,320.0,1600.0,-60.0
117,6.19499999999989,6.19499999999989,-3.706212931052704,4.554194747534621,-8.260407678587313,-3.708652683350236,4.554194747534621,-8.262847430884847,1.2259920928579597,-5.408231898315663,1,87.71428571428571,320.0,1600.0,-60.0
118,6.234999999999889,6.234999999999889,-3.665620225962101,3.535777720102015,-7.201397946064105,-3.6594819005026578,3.535777720102015,-7.1952596206046735,1.2318338266205449,-31.36660250076667,1,117.83333333333333,320.0,1600.0,-60.0
119,6.2749999999998884,6.2749999999998884,-3.6161105735741614,2.210954737509745,-5.8270653110839135,-3.610077444939189,2.210954737509745,-5.821032182448931,1.2376756430812912,-34.16062846149441,1,156.71428571428572,320.0,1600.0,-60.0
120,6.314999999999888,6.314999999999888,-3.560846322646512,0.7995194475359213,-4.360365770182426,-3.5604393142201323,0.7995194475359213,-4.359958761756047,1.2435174994121343,-36.13079372309248,1,198.0,320.0,1600.0,-60.0
121,6.354999999999887,6.354999999999887,-3.513479891054402,-0.6867963346264936,-2.826683556427895,-3.5105675076316505,-0.6867963346264936,-2.823771173005156,1.2493593521628912,-37.935855314984956,1,241.0,320.0,1600.0,-60.0
122,6.394999999999886,6.394999999999886,-3.4595467430533517,-2.2421946431933355,-1.2173520998600225,-3.4604620262107093,-2.2421946431933355,-1.218267383017377,1.2552011572585626,-39.60402001138447,1,286.0,320.0,1600.0,-31.897195987471743
123,6.434999999999885,6.434999999999885,-3.411259312331225,-3.775321344985834,0.36406203265460135,-3.410122872770122,-3.775321344985834,0.36519847221572377,1.261042869996661,-30.444404247945766,1,330.1666666666667,320.0,1600.0,-31.897195987471743
124,6.474999999999884,6.474999999999884,-3.370157594080979,-4.784359891613063,1.4142022975320856,-3.3595500519237045,-4.784359891613063,1.4248098396893454,1.2668844450445682,-24.19240912403639,1,359.5,320.0,1600.0,-31.897195987471743
125,6.514999999999883,6.514999999999883,-3.3082660011394864,-5.759744512966211,2.4514785118267355,-3.308743570111538,-5.759744512966211,2.4510009428546766,1.2727258364369158,-24.60721623651698,1,388.5,320.0,1600.0,60.0
126,6.5549999999998825,6.5549999999998825,-3.2553405465927767,-6.58191480563715,3.326574259044378,-3.257703435625327,-6.58191480563715,3.324211370011824,1.2785669975729976,-2.463893675342616,1,413.0,320.0,1600.0,60.0
127,6.594999999999882,6.594999999999882,-3.205983650669708,-5.603843510977579,2.397859860307875,-3.206429658633869,-5.603843510977579,2.3974138523437034,1.2844078812142083,34.23474741984814,1,387.0,320.0,1600.0,60.0
128,6.634999999999881,6.634999999999881,-3.1512179625704277,-4.147825272348488,0.9966073097780566,-3.154922251208621,-4.147825272348488,0.9929030211398526,1.2902484394815141,37.456564599655195,1,347.8333333333333,320.0,1600.0,60.0
129,6.67499999999988,6.67499999999988,-3.1007539369995527,-2.6096592820311155,-0.4910946549684354,-3.10318122734937,-2.6096592820311155,-0.493521945318264,1.2960886238529512,39.19453552519168,1,306.2857142857143,320.0,1600.0,60.0
130,6.714999999999879,6.714999999999879,-3.0403889744395087,-1.0060504470134017,-2.034338527426115,-3.051206603009999,-1.0060504470134017,-2.045156155996608,1.3019283851611565,40.76841181475164,1,263.1666666666667,320.0,1600.0,60.0
131,6.754999999999878,6.754999999999878,-3.004158777275393,0.6577767982444204,-3.6619355755198058,-2.998998396124355,0.6577767982444204,-3.6567751943687767,1.3077676735909305,42.222433720232814,1,217.6,320.0,1600.0,-36.882102012928826
132,6.794999999999877,6.794999999999877,-2.9431229552409945,2.164117492100385,-5.107240447341383,-2.946556626632212,2.164117492100385,-5.1106741187325895,1.3136064386768316,15.850034900029517,1,177.0,320.0,1600.0,-36.882102012928826
133,6.8349999999998765,6.8349999999998765,-2.8977241135579845,1.7177072256659909,-4.6154313392239885,-2.8938813165053294,1.7177072256659909,-4.611588542171319,1.3194446293008035,-18.57508659094791,1,190.83333333333334,320.0,1600.0,-36.882102012928826
134,6.874999999999876,6.874999999999876,-2.840329225779925,0.9143225023395667,-3.7546517281194838,-2.8409724897736055,0.9143225023395667,-3.755294992113164,1.325282193689838,-20.829024820655437,1,215.0,320.0,1600.0,-60.0
135,6.914999999999875,6.914999999999875,-2.790731901109382,-0.01763496446962029,-2.7730969366397744,-2.787830172551321,-0.01763496446962029,-2.7701952080817023,1.3311190794136711,-30.835474770875567,1,242.5,320.0,1600.0,-60.0
136,6.954999999999874,6.954999999999874,-2.7351771827409266,-1.4760664214039643,-1.2591107613369559,-2.7344543930634786,-1.4760664214039643,-1.2583879716595163,1.3369552333825143,-38.305858399683544,1,284.8333333333333,320.0,1600.0,-60.0
137,6.994999999999873,6.994999999999873,-2.674238611763684,-3.0502367672504898,0.3759981554867977,-2.6808451816722303,-3.0502367672504898,0.36939158557825635,1.3427906018448248,-40.08484461016473,1,330.5,320.0,1600.0,-60.0
138,7.034999999999872,7.034999999999872,-2.6298368690240466,-4.688018200482523,2.058181331458485,-2.627002570903391,-4.688018200482523,2.0610156295791455,1.3486251303851087,-41.59418331466957,1,377.5,320.0,1600.0,-60.0
139,7.074999999999871,7.074999999999871,-2.575325014634842,-6.383457905952576,3.80813289131774,-2.572926595473043,-6.383457905952576,3.8105313104795187,1.354458763921765,-42.985846136395566,1,426.5,320.0,1600.0,-60.0
140,7.1149999999998705,7.1149999999998705,-2.5102252807089087,-8.132166501466605,5.621941220757691,-2.518617292314224,-8.132166501466605,5.6135492091523815,1.3602914467049674,-44.272198777759996,1,477.5,320.0,1600.0,-60.0
141,7.15499999999987,7.15499999999987,-2.4628438608764043,-9.93011581356423,7.467271952687838,-2.464074700603698,-9.93011581356423,7.466041112960539,1.3661231223145858,-45.461294630060216,1,529.7142857142857,320.0,1600.0,-60.0
142,7.194999999999869,7.194999999999869,-2.4100081216989224,-11.77358299140187,9.363574869702944,-2.4092988617888107,-11.77358299140187,9.364284129613054,1.371953733658146,-46.560489174933814,1,583.8333333333334,320.0,1600.0,-60.0
143,7.234999999999868,7.234999999999868,-2.3836308902394876,-13.659126669576509,11.275495779337007,-2.3542898196144257,-13.659126669576509,11.304836849962072,1.3777832229688343,-47.5765794378366,1,639.0,320.0,1600.0,60.0
144,7.274999999999867,7.274999999999867,nan,-15.360857581411299,nan,-2.2990476201499375,-15.360857581411299,13.06180996126136,1.38361153180354,-19.558462888725582,0,nan,320.0,1600.0,0.0
145,7.314999999999866,7.314999999999866,nan,-14.927994563629182,nan,-2.2435723118163615,-14.927994563629182,12.684422251812833,1.3894386010409414,5.872619256954077,0,nan,320.0,1600.0,0.0
146,7.354999999999865,7.354999999999865,nan,-15.09354752341215,nan,-2.1878639454135067,-15.09354752341215,12.905683577998644,1.3952643708796388,-6.32764586619136,0,nan,320.0,1600.0,0.0
147,7.394999999999865,7.394999999999865,nan,-15.346056485392094,nan,-2.131922574147211,-15.346056485392094,13.214133911244886,1.4010887808363273,-6.159165505624818,0,nan,320.0,1600.0,0.0
148,7.434999999999864,7.434999999999864,nan,-15.58209688395988,nan,-2.075748253656657,-15.58209688395988,13.506348630303222,1.4069117697440152,-5.701673724602237,0,nan,320.0,1600.0,0.0
149,7.474999999999863,7.474999999999863,nan,-15.800360646918719,nan,-2.0193410420417566,-15.800360646918719,13.781019604876974,1.4127332757502935,-5.270815740816217,0,nan,320.0,1600.0,0.0
150,7.514999999999862,7.514999999999862,nan,-16.002124464669507,nan,-1.9627009998906015,-16.002124464669507,14.039423464778906,1.4185532363156437,-4.872322944969139,0,nan,320.0,1600.0,0.0
151,7.554999999999861,7.554999999999861,nan,-16.18863403636766,nan,-1.9058281903069825,-16.18863403636766,14.282805846060683,1.4243715882118013,-4.503952551531702,0,nan,320.0,1600.0,0.0
152,7.59499999999986,7.59499999999986,nan,-16.36104260802364,nan,-1.8487226789379727,-16.36104260802364,14.512319929085663,1.4301882675201651,-4.163432547603344,0,nan,320.0,1600.0,0.0
153,7.6349999999998595,7.6349999999998595,nan,-16.520416280364895,nan,-1.7913845340015722,-16.520416280364895,14.729031746363319,1.4360032096302513,-3.8486574545701884,0,nan,320.0,1600.0,0.0
154,7.674999999999859,7.674999999999859,nan,-16.66774055308755,nan,-1.7338138263144165,-16.66774055308755,14.933926726773137,1.4418163492382066,-3.5576808397571593,0,nan,320.0,1600.0,0.0
155,7.714999999999858,7.714999999999858,nan,-16.80392641750472,nan,-1.67601062931954,-16.80392641750472,15.127915788185192,1.4476276203453644,-3.2887034263170745,0,nan,320.0,1600.0,0.0
156,7.754999999999857,7.754999999999857,nan,-16.929815989700092,nan,-1.6179750191141984,-16.929815989700092,15.311840970585905,1.4534369562568594,-3.040061971103537,0,nan,320.0,1600.0,0.0
157,7.794999999999856,7.794999999999856,nan,-17.046187717818558,nan,-1.5597070744777457,-17.046187717818558,15.486480643340826,1.459244289580289,-2.810218979976476,0,nan,320.0,1600.0,0.0
158,7.834999999999855,7.834999999999855,nan,-17.153761195661993,nan,-1.5012068768995606,-17.153761195661993,15.65255431876244,1.4650495522244347,-2.597753200587984,0,nan,320.0,1600.0,0.0
159,7.874999999999854,7.874999999999854,nan,-17.253201612354538,nan,-1.4424745106070271,-17.253201612354538,15.810727101747517,1.4708526753980327,-2.4013508339558656,0,nan,320.0,1600.0,0.0
160,7.9149999999998535,7.9149999999998535,nan,-17.34512386559226,nan,-1.3835100625935597,-17.34512386559226,15.961613802998698,1.4766535896086046,-2.219797410483539,0,nan,320.0,1600.0,0.0
161,7.954999999999853,7.954999999999853,nan,-17.43009636391179,nan,-1.3243136226466772,-17.43009636391179,16.105782741265102,1.482452224661341,-2.051970280191048,0,nan,320.0,1600.0,0.0
162,7.994999999999852,7.994999999999852,nan,-17.50864454148953,nan,-1.2648852833761173,-17.50864454148953,16.243759258113414,1.4882485096580442,-1.896831670719958,0,nan,320.0,1600.0,0.0
163,8.034999999999856,8.034999999999856,nan,-17.581254107205517,nan,-1.205225140241993,-17.581254107205517,16.37602896696353,1.4940423729961316,-1.7534222701857456,0,nan,320.0,1600.0,0.0
164,8.074999999999863,8.074999999999863,nan,-17.64837404806279,nan,-1.1453332915829904,-17.64837404806279,16.503040756479805,1.4998337423676917,-1.6208552951967456,0,nan,320.0,1600.0,0.0
165,8.114999999999869,8.114999999999869,nan,-17.71041940553409,nan,-1.0852098386445987,-17.71041940553409,16.62520956688948,1.5056225447586074,-1.4983110073587838,0,nan,320.0,1600.0,0.0
166,8.154999999999875,8.154999999999875,nan,-17.767773842003674,nan,-1.0248548856073767,-17.767773842003674,16.742918956396295,1.511408706447735,-1.38503164435786,0,nan,320.0,1600.0,0.0
167,8.194999999999881,8.194999999999881,nan,-17.820792013174106,nan,-0.9642685396152512,-17.820792013174106,16.856523473558866,1.517192153006151,-1.2803167342768385,0,nan,320.0,1600.0,0.0
168,8.234999999999888,8.234999999999888,nan,-17.869801761107862,nan,-0.9034509108038419,-17.869801761107862,16.966350850304025,1.5229728092964538,-1.1835187641718414,0,nan,320.0,1600.0,0.0
169,8.274999999999894,8.274999999999894,nan,-17.915106141464726,nan,-0.8424021123288158,-17.915106141464726,17.072704029135906,1.5287505994721358,-1.0940391761246566,0,nan,320.0,1600.0,0.0
170,8.3149999999999,8.3149999999999,nan,-17.956985297470457,nan,-0.7811222603942636,-17.956985297470457,17.175863037076198,1.5345254469770186,-1.0113246660124182,0,nan,320.0,1600.0,0.0
171,8.354999999999906,8.354999999999906,nan,-17.995698192204628,nan,-0.7196114742810971,-17.995698192204628,17.276086717923533,1.540297274544753,-0.9348637621077218,0,nan,320.0,1600.0,0.0
172,8.394999999999913,8.394999999999913,nan,-18.031484209919363,nan,-0.6578698763754677,-18.031484209919363,17.373614333543884,1.5460660041983836,-0.8641836623526707,0,nan,320.0,1600.0,0.0
173,8.434999999999919,8.434999999999919,nan,-18.064564636290807,nan,-0.5958975921971968,-18.064564636290807,17.46866704409362,1.5518315572499866,-0.7988473107498861,0,nan,320.0,1600.0,0.0
174,8.474999999999925,8.474999999999925,nan,-18.095144026756657,nan,-0.5336947504282243,-18.095144026756657,17.561449276328432,1.5575938543003705,-0.738450694792116,0,nan,320.0,1600.0,0.0
175,8.514999999999931,8.514999999999931,nan,-18.1234114714009,nan,-0.4712614829410631,-18.1234114714009,17.652149988459826,1.5633528152388494,-0.6826203472188839,0,nan,320.0,1600.0,0.0
176,8.554999999999938,8.554999999999938,nan,-18.149541764207353,nan,-0.40859792482726437,-18.149541764207353,17.740943839380094,1.569108359243085,-0.6310110366520902,0,nan,320.0,1600.0,0.0
177,8.594999999999944,8.594999999999944,nan,-18.17369648391208,nan,-0.34570421442588617,-18.17369648391208,17.827992269486202,1.574860404779,-0.5833036328304319,0,nan,320.0,1600.0,0.0
178,8.63499999999995,8.63499999999995,nan,-18.196024993138362,nan,-0.2825804933519644,-18.196024993138362,17.913444499786408,1.5806088696007654,-0.5392031332421421,0,nan,320.0,1600.0,0.0
179,8.674999999999956,8.674999999999956,nan,-18.21666536199226,nan,-0.21922690652498342,-18.21666536199226,17.99743845546726,1.586353670750859,-0.4984368389535854,0,nan,320.0,1600.0,0.0
180,8.714999999999963,8.714999999999963,nan,-18.235745221830072,nan,-0.15564360219734166,-18.235745221830072,18.080101619632728,1.592094724560198,-0.46075266835379247,0,nan,320.0,1600.0,0.0
181,8.754999999999969,8.754999999999969,nan,-18.253382554476964,nan,-0.0918307319828113,-18.253382554476964,18.161551822494147,1.597831946648349,-0.4259175983878444,0,nan,320.0,1600.0,0.0
182,8.794999999999975,8.794999999999975,nan,-18.269686421776907,nan,-0.027788450884987777,-18.269686421776907,18.241897970891927,1.6035652519238097,-0.39371622364034853,0,nan,320.0,1600.0,0.0
183,8.834999999999981,8.834999999999981,nan,-18.284757639985223,nan,0.0364830826742736,-18.284757639985223,18.321240722659496,1.6092945545843726,-0.36394942435898403,0,nan,320.0,1600.0,0.0
184,8.874999999999988,8.874999999999988,nan,-18.298689403173924,nan,0.10098370682643715,-18.298689403173924,18.39967311000035,1.6150197681175629,-0.33643313518173573,0,nan,320.0,1600.0,0.0
185,8.914999999999994,8.914999999999994,nan,-18.311567859504606,nan,0.16571325622788527,-18.311567859504606,18.477281115732495,1.6207408053011543,-0.3109972069541427,0,nan,320.0,1600.0,0.0
186,8.955,8.955,nan,-18.323472643932448,nan,0.23067156203153932,-18.323472643932448,18.55414420596398,1.6264575782037696,-0.28748435459851973,0,nan,320.0,1600.0,0.0
187,8.995000000000006,8.995000000000006,nan,-18.334477370635273,nan,0.2958584518585062,-18.334477370635273,18.630335822493777,1.6321699981855566,-0.26574918452921653,0,nan,320.0,1600.0,0.0
188,9.035000000000013,9.035000000000013,nan,-18.344650088212642,nan,0.36127374976975324,-18.344650088212642,18.705923837982397,1.637877975898948,-0.24565729559986027,0,nan,320.0,1600.0,0.0
189,9.075000000000019,9.075000000000019,nan,-18.35405370046976,nan,0.4269172762378156,-18.35405370046976,18.78097097670758,1.643581421289503,-0.22708444802321678,0,nan,320.0,1600.0,0.0
190,9.115000000000025,9.115000000000025,nan,-18.36274635538814,nan,0.4927888481185388,-18.36274635538814,18.85553520350669,1.649280243596833,-0.20991579512462227,0,nan,320.0,1600.0,0.0
191,9.155000000000031,9.155000000000031,nan,-18.370781804688253,nan,0.5588882786228601,-18.370781804688253,18.929670083311123,1.6549743513556128,-0.19404517317847012,0,nan,320.0,1600.0,0.0
192,9.195000000000038,9.195000000000038,nan,-18.37820973620757,nan,0.6252153772886313,-18.37820973620757,19.003425113496206,1.660663652396672,-0.17937444493640134,0,nan,320.0,1600.0,0.0
193,9.235000000000044,9.235000000000044,nan,-18.385076081149204,nan,0.6917699499524892,-18.385076081149204,19.076846031101695,1.6663480538481794,-0.1658128927878532,0,nan,320.0,1600.0,0.0
194,9.27500000000005,9.27500000000005,nan,-18.391423298101177,nan,0.7585517987217714,-18.391423298101177,19.149975096822942,1.6720274621369087,-0.15327665780052607,0,nan,320.0,1600.0,0.0
195,9.315000000000056,9.315000000000056,nan,-18.397290635582458,nan,0.8255607219464884,-18.397290635582458,19.222851357528953,1.6777017829895968,-0.14168822117203078,0,nan,320.0,1600.0,0.0
196,9.355000000000063,9.355000000000063,nan,-18.402714374739276,nan,0.89279651419135,-18.402714374739276,19.295510888930636,1.6833709214343862,-0.1309759248862315,0,nan,320.0,1600.0,0.0
197,9.395000000000069,9.395000000000069,nan,-18.40772805369247,nan,0.9602589662078496,-18.40772805369247,19.367987019900312,1.6890347818023619,-0.121073528610225,0,nan,320.0,1600.0,0.0
198,9.435000000000075,9.435000000000075,nan,-18.412362674923116,nan,1.0279478649064164,-18.412362674923116,19.44031053982954,1.6946932677291746,-0.11191980009199341,0,nan,320.0,1600.0,0.0
199,9.475000000000081,9.475000000000081,nan,-18.416646896978843,nan,1.095862993328629,-18.416646896978843,19.512509890307484,1.7003462821567608,-0.1034581365259219,0,nan,320.0,1600.0,0.0
200,9.515000000000088,9.515000000000088,nan,-18.420607211686207,nan,1.1640041306195037,-18.420607211686207,19.58461134230572,1.7059937273351478,-0.09563621454486508,0,nan,320.0,1600.0,0.0
201,9.555000000000094,9.555000000000094,nan,-18.424268107964995,nan,1.2323710519998545,-18.424268107964995,19.65663915996484,1.71163550482436,-0.08840566667446038,0,nan,320.0,1600.0,0.0
202,9.5950000000001,9.5950000000001,nan,-18.42765222325743,nan,1.3009635287387327,-18.42765222325743,19.72861575199616,1.7172715154964129,-0.0817217822490176,0,nan,320.0,1600.0,0.0
203,9.635000000000106,9.635000000000106,nan,-18.430780483508578,nan,1.3697813281259472,-18.430780483508578,19.80056181163451,1.722901659537408,-0.07554323093957498,0,nan,320.0,1600.0,0.0
204,9.675000000000113,9.675000000000113,nan,-18.43367223256358,nan,1.4388242134446718,-18.43367223256358,19.872496446008256,1.728525836449717,-0.06983180718453505,0,nan,320.0,1600.0,0.0
205,9.715000000000119,9.715000000000119,nan,-18.436345351781856,nan,1.50809194394414,-18.436345351781856,19.944437295726004,1.7341439450542675,-0.06455219394254727,0,nan,320.0,1600.0,0.0
206,9.755000000000125,9.755000000000125,nan,-18.4388163706079,nan,1.5775842748124353,-18.4388163706079,20.016400645420333,1.7397558834929263,-0.05967174430678428,0,nan,320.0,1600.0,0.0
207,9.795000000000131,9.795000000000131,nan,-18.441100568782417,nan,1.6473009571493753,-18.441100568782417,20.0884015259318,1.745361549230979,-0.05516027963020668,0,nan,320.0,1600.0,0.0
208,9.835000000000138,9.835000000000138,nan,-18.44321207082582,nan,1.7172417379395035,-18.44321207082582,20.16045380876531,1.7509608390597085,-0.050989902913507856,0,nan,320.0,1600.0,0.0
209,9.875000000000144,9.875000000000144,nan,-18.445163933378307,nan,1.7874063600251777,-18.445163933378307,20.232570293403484,1.7565536490990752,-0.04713482630180811,0,nan,320.0,1600.0,0.0
210,9.91500000000015,9.91500000000015,nan,-18.446968225936626,nan,1.8577945620797756,-18.446968225936626,20.304762788016404,1.7621398748004975,-0.0435712116234108,0,nan,320.0,1600.0,0.0
211,9.955000000000156,9.955000000000156,nan,-18.44863610548679,nan,1.9284060785810075,-18.44863610548679,20.37704218406779,1.7677194109497363,-0.04027702298457867,0,nan,320.0,1600.0,0.0
212,9.995000000000163,9.995000000000163,nan,-18.450177885494153,nan,1.9992406397843518,-18.450177885494153,20.449418525278503,1.7732921516698752,-0.03723189050883888,0,nan,320.0,1600.0,0.0
213,10.035000000000169,10.035000000000169,nan,-18.451603099677552,nan,2.070297971696608,-18.451603099677552,20.521901071374145,1.7788579904244115,-0.034416984378237744,0,nan,320.0,1600.0,0.0
214,10.075000000000175,10.075000000000175,nan,-18.452920560961825,nan,2.1415777960495745,-18.452920560961825,20.59449835701139,1.784416820020446,-0.03181489839766941,0,nan,320.0,1600.0,0.0
215,10.115000000000181,10.115000000000181,nan,-18.45413841597322,nan,2.213079830273862,-18.45413841597322,20.667218246247074,1.789968532611983,-0.029409542362289168,0,nan,320.0,1600.0,0.0
216,10.155000000000188,10.155000000000188,nan,-18.455264195414696,nan,2.284803787472834,-18.455264195414696,20.740067982887524,1.7955130197033269,-0.02718604256245686,0,nan,320.0,1600.0,0.0
217,10.195000000000194,10.195000000000194,nan,-18.456304860632628,nan,2.3567493763966922,-18.456304860632628,20.81305423702932,1.8010501721525944,-0.02513064981097474,0,nan,320.0,1600.0,0.0
218,10.2350000000002,10.2350000000002,nan,-18.45726684666286,nan,2.4289163014166952,-18.45726684666286,20.886183148079567,1.806579880175329,-0.023230654423898992,0,nan,320.0,1600.0,0.0
219,10.275000000000206,10.275000000000206,nan,-18.45815610202224,nan,2.501304262499536,-18.45815610202224,20.95946036452176,1.8121020333482232,-0.021474307629201977,0,nan,320.0,1600.0,0.0
220,10.315000000000213,10.315000000000213,nan,-18.458978125491736,nan,2.57391295518186,-18.458978125491736,21.032891080673608,1.8176165206129489,-0.019850748917309407,0,nan,320.0,1600.0,0.0
221,10.355000000000219,10.355000000000219,nan,-18.4597380001186,nan,2.646742070544944,-18.4597380001186,21.106480070663537,1.823123230280098,-0.018349938884278917,0,nan,320.0,1600.0,0.0
222,10.395000000000225,10.395000000000225,nan,-18.460440424647814,nan,2.7197912951895344,-18.460440424647814,21.180231719837337,1.8286220500332337,-0.016962597152350194,0,nan,320.0,1600.0,0.0
223,10.435000000000231,10.435000000000231,nan,-18.4610897425771,nan,2.793060311210848,-18.4610897425771,21.254150053787953,1.834112866933049,-0.01568014498399381,0,nan,320.0,1600.0,0.0
224,10.475000000000238,10.475000000000238,nan,-18.461689969015335,nan,2.866548796173743,-18.461689969015335,21.32823876518907,1.8395955674216367,-0.014494652234607892,0,nan,320.0,1600.0,0.0
225,10.515000000000244,10.515000000000244,nan,-18.462244815510257,nan,2.940256423088061,-18.462244815510257,21.40250123859832,1.8450700373268758,-0.013398788315840645,0,nan,320.0,1600.0,0.0
226,10.55500000000025,10.55500000000025,nan,-18.462757712999135,nan,3.0141828603841514,-18.462757712999135,21.476940573383274,1.8505361618669218,-0.012385776866316405,0,nan,320.0,1600.0,0.0
227,10.595000000000256,10.595000000000256,nan,-18.463231833024228,nan,3.088327771888571,-18.463231833024228,21.551559604912796,1.8559938256548194,-0.011449353849468125,0,nan,320.0,1600.0,0.0
228,10.635000000000263,10.635000000000263,nan,-18.46367010734428,nan,3.162690816799975,-18.46367010734428,21.62636092414425,1.861442912703218,-0.010583728819370919,0,nan,320.0,1600.0,0.0
229,10.675000000000269,10.675000000000269,nan,-18.464075246063285,nan,3.2372716496652,-18.464075246063285,21.701346895728477,1.8668833064292119,-0.009783549115060857,0,nan,320.0,1600.0,0.0
230,10.715000000000275,10.715000000000275,nan,-18.464449754388603,nan,3.3120699203555377,-18.464449754388603,21.77651967474415,1.8723148896592863,-0.009043866761931777,0,nan,320.0,1600.0,0.0
231,10.755000000000281,10.755000000000281,nan,-18.464795948122138,nan,3.387085274043214,-18.464795948122138,21.85188122216536,1.8777375446343842,-0.00836010787554222,0,nan,320.0,1600.0,0.0
232,10.795000000000288,10.795000000000288,nan,-18.465115967980278,nan,3.4623173511780685,-18.465115967980278,21.927433319158354,1.883151153015085,-0.007728044378638568,0,nan,320.0,1600.0,0.0
233,10.835000000000294,10.835000000000294,nan,-18.465411792831176,nan,3.537765787464448,-18.465411792831176,22.003177580295613,1.8885555958868994,-0.007143767856504324,0,nan,320.0,1600.0,0.0
234,10.8750000000003,10.8750000000003,nan,-18.465685251931237,nan,3.6134302138383116,-18.465685251931237,22.079115465769547,1.893950753765686,-0.006603665388968019,0,nan,320.0,1600.0,0.0
235,10.915000000000306,10.915000000000306,nan,-18.465938036236466,nan,3.689310256444556,-18.465938036236466,22.155248292681023,1.8993365066031758,-0.0061043972096250535,0,nan,320.0,1600.0,0.0
236,10.955000000000313,10.955000000000313,nan,-18.466171708858656,nan,3.765405536614563,-18.466171708858656,22.231577245473204,1.9047127337926237,-0.0056428760541274905,0,nan,320.0,1600.0,0.0
237,10.995000000000319,10.995000000000319,nan,-18.466387714730978,nan,3.841715670843973,-18.466387714730978,22.308103385574952,1.9100793141745689,-0.005216248069840339,0,nan,320.0,1600.0,0.0
238,11.035000000000325,11.035000000000325,nan,-18.466587389542855,nan,3.9182402707707005,-18.466587389542855,22.38482766031356,1.9154361260427208,-0.00482187516881765,0,nan,320.0,1600.0,0.0
239,11.075000000000331,11.075000000000331,nan,-18.46677196799931,nan,3.994978943153174,-18.46677196799931,22.46175091115248,1.9207830471499594,-0.004457318714976664,0,nan,320.0,1600.0,0.0
240,11.115000000000338,11.115000000000338,nan,-18.466942591455858,nan,4.071931289848832,-18.466942591455858,22.53887388130468,1.9261199547144556,-0.004120324444598362,0,nan,320.0,1600.0,0.0
241,11.155000000000344,11.155000000000344,nan,-18.467100314976165,nan,4.149096907792856,-18.467100314976165,22.616197222769017,1.931446725425909,-0.003808808526909138,0,nan,320.0,1600.0,0.0
242,11.19500000000035,11.19500000000035,nan,-18.467246113856106,nan,4.2264753889771605,-18.467246113856106,22.693721502833256,1.9367632354519102,-0.0035208446785480905,0,nan,320.0,1600.0,0.0
243,11.235000000000356,11.235000000000356,nan,-18.46738088965462,nan,4.304066320429636,-18.46738088965462,22.77144721008426,1.942069360444418,-0.003254652252241224,0,nan,320.0,1600.0,0.0
244,11.275000000000363,11.275000000000363,nan,-18.467505475768522,nan,4.381869284193662,-18.467505475768522,22.84937475996219,1.9473649755463573,-0.003008585226027939,0,nan,320.0,1600.0,0.0
245,11.315000000000369,11.315000000000369,nan,-18.46762064258593,nan,4.459883857307873,-18.46762064258593,22.927504499893814,1.9526499553983403,-0.0027811220249538073,0,nan,320.0,1600.0,0.0
246,11.355000000000375,11.355000000000375,nan,-18.467727102249984,nan,4.5381096117862105,-18.467727102249984,23.005836714036207,1.9579241741455056,-0.002570856112291279,0,nan,320.0,1600.0,0.0
247,11.395000000000381,11.395000000000381,nan,-18.46782551306245,nan,4.616546114598237,-18.46782551306245,23.084371627660687,1.9631875054444785,-0.002376487292108374,0,nan,320.0,1600.0,0.0
248,11.435000000000388,11.435000000000388,nan,-18.467916483554387,nan,4.695192927649743,-18.467916483554387,23.16310941120412,1.968439822470453,-0.0021968136694041113,0,nan,320.0,1600.0,0.0
249,11.475000000000394,11.475000000000394,nan,-18.46800057624904,nan,4.774049607763636,-18.46800057624904,23.24205018401267,1.9736809979243946,-0.002030724218095535,0,nan,320.0,1600.0,0.0
250,11.5150000000004,11.5150000000004,nan,-18.46807831114025,nan,4.853115706661107,-18.46807831114025,23.32119401780136,1.9789109040403636,-0.0018771919108998994,0,nan,320.0,1600.0,0.0
251,11.555000000000407,11.555000000000407,nan,-18.468150168907872,nan,4.932390770943117,-18.468150168907872,23.400540939851,1.9841294125929598,-0.00173526736863008,0,nan,320.0,1600.0,0.0
252,11.595000000000413,11.595000000000413,nan,-18.46821659389011,nan,5.011874342072166,-18.46821659389011,23.480090935962266,1.9893363949048914,-0.001604072989633147,0,nan,320.0,1600.0,0.0
253,11.635000000000419,11.635000000000419,nan,-18.4682779968311,nan,5.091565956354368,-18.4682779968311,23.559843953185464,1.9945317218546585,-0.0014827975230710044,0,nan,320.0,1600.0,0.0
254,11.675000000000425,11.675000000000425,nan,-18.4683347574208,nan,5.171465144921848,-18.4683347574208,23.639799902342645,1.999715263884366,-0.0013706910524865505,0,nan,320.0,1600.0,0.0
255,11.715000000000432,11.715000000000432,nan,-18.468387226642815,nan,5.251571433715435,-18.468387226642815,23.71995866035826,2.0048868910076534,-0.0012670603586358439,0,nan,320.0,1600.0,0.0
256,11.755000000000438,11.755000000000438,nan,-18.46843572894473,nan,5.331884343467697,-18.46843572894473,23.800320072412433,2.010046472817746,-0.0011712646329119787,0,nan,320.0,1600.0,0.0
257,11.795000000000444,11.795000000000444,nan,-18.468480564244377,nan,5.412403389686275,-18.468480564244377,23.880883953930663,2.0151938784956283,-0.0010827115148542882,0,nan,320.0,1600.0,0.0
258,11.83500000000045,11.83500000000045,nan,-18.46852200978438,nan,5.4931280826375755,-18.46852200978438,23.961650092421962,2.020328976818339,-0.001000853429240498,0,nan,320.0,1600.0,0.0
259,11.875000000000457,11.875000000000457,nan,-18.468560321846525,nan,5.57405792733077,-18.468560321846525,24.04261824917728,2.0254516361673858,-0.0009251842001119527,0,nan,320.0,1600.0,0.0
260,11.915000000000463,11.915000000000463,nan,-18.468595737336475,nan,5.655192423502153,-18.468595737336475,24.123788160838615,2.030561724537284,-0.0008552359207944633,0,nan,320.0,1600.0,0.0
261,11.955000000000469,11.955000000000469,nan,-18.46862847524873,nan,5.736531065599831,-18.46862847524873,24.20515954084857,2.0356591095442105,-0.0007905760605603147,0,nan,320.0,1600.0,0.0
262,11.995000000000475,11.995000000000475,nan,-18.46865873802076,nan,5.818073342768767,-18.46865873802076,24.286732080789534,2.0407436584347836,-0.0007308047900402366,0,nan,320.0,1600.0,0.0
263,12.035000000000482,12.035000000000482,nan,-18.46868671278481,nan,5.899818738836182,-18.46868671278481,24.36850545162099,2.045815238094961,-0.000675552508846818,0,nan,320.0,1600.0,0.0
264,12.075000000000488,12.075000000000488,nan,-18.468712572525046,nan,5.981766732297306,-18.468712572525046,24.450479304822352,2.0508737150590566,-0.0006244775601212237,0,nan,320.0,1600.0,0.0
265,12.115000000000494,12.115000000000494,nan,-18.468736477147235,nan,6.063916796301495,-18.468736477147235,24.532653273448716,2.0559189555188815,-0.0005772641178709366,0,nan,320.0,1600.0,0.0
266,12.1550000000005,12.1550000000005,nan,-18.468758574467486,nan,6.1462683986387185,-18.468758574467486,24.61502697310621,2.060950825332996,-0.0005336202340347079,0,nan,320.0,1600.0,0.0
267,12.195000000000507,12.195000000000507,nan,-18.468779001126343,nan,6.2288210017264225,-18.468779001126343,24.697600002852766,2.0659691900360913,-0.0004932760331985855,0,nan,320.0,1600.0,0.0
268,12.235000000000513,12.235000000000513,nan,-18.468797883433666,nan,6.311574062596758,-18.468797883433666,24.780371946030414,2.070973914848481,-0.0004559820437999093,0,nan,320.0,1600.0,0.0
269,12.275000000000519,12.275000000000519,nan,-18.4688153381497,nan,6.394527032884208,-18.4688153381497,24.863342371033923,2.075964864685714,-0.0004215076555001348,0,nan,320.0,1600.0,0.0
270,12.315000000000525,12.315000000000525,nan,-18.468831473207064,nan,6.477679358813588,-18.468831473207064,24.946510832020664,2.080941904168309,-0.0003896396931875317,0,nan,320.0,1600.0,0.0
271,12.355000000000532,12.355000000000532,nan,-18.46884638837816,nan,6.561030481188443,-18.46884638837816,25.029876869566607,2.0859048976315977,-0.00036018109879198924,0,nan,320.0,1600.0,0.0
272,12.395000000000538,12.395000000000538,nan,-18.468860175892132,nan,6.644579835379842,-18.468860175892132,25.113440011271962,2.090853709135694,-0.00033294971276082516,0,nan,320.0,1600.0,0.0
273,12.435000000000544,12.435000000000544,nan,-18.468872921005165,nan,6.728326851315573,-18.468872921005165,25.197199772320744,2.0957882024755716,-0.0003077771476607576,0,nan,320.0,1600.0,0.0
274,12.47500000000055,12.47500000000055,nan,-18.468884702527678,nan,6.812270953469745,-18.468884702527678,25.281155655997424,2.1007082411912634,-0.0002845077469408688,0,nan,320.0,1600.0,0.0
275,12.515000000000557,12.515000000000557,nan,-18.468895593311643,nan,6.896411560852791,-18.468895593311643,25.36530715416444,2.105613688578172,-0.00026299762241798857,0,nan,320.0,1600.0,0.0
276,12.555000000000563,12.555000000000563,nan,-18.46890566070109,nan,6.980748087001903,-18.46890566070109,25.449653747702996,2.110504407697496,-0.00024311376453271233,0,nan,320.0,1600.0,0.0
277,12.595000000000569,12.595000000000569,nan,-18.468914966948525,nan,7.065279939971868,-18.468914966948525,25.53419490692039,2.1153802613867683,-0.0002247332198742511,0,nan,320.0,1600.0,0.0
278,12.635000000000575,12.635000000000575,nan,-18.468923569599855,nan,7.150006522326339,-18.468923569599855,25.618930091926188,2.12024111227051,-0.00020774233088827326,0,nan,320.0,1600.0,0.0
279,12.675000000000582,12.675000000000582,nan,-18.468931521850262,nan,7.234927231129536,-18.468931521850262,25.703858752979784,2.1250868227709967,-0.00019203603306641154,0,nan,320.0,1600.0,0.0
280,12.715000000000588,12.715000000000588,nan,-18.468938872873117,nan,7.320041457938368,-18.468938872873117,25.788980330811484,2.1299172551191305,-0.00017751720527155017,0,nan,320.0,1600.0,0.0
281,12.755000000000594,12.755000000000594,nan,-18.46894566812405,nan,7.405348588795002,-18.46894566812405,25.874294256919057,2.134732271365431,-0.00016409606918157805,0,nan,320.0,1600.0,0.0
282,12.7950000000006,12.7950000000006,nan,-18.468951949622035,nan,7.490848004219879,-18.468951949622035,25.959799953841923,2.1395317333911272,-0.00015168963413802003,0,nan,320.0,1600.0,0.0
283,12.835000000000607,12.835000000000607,nan,-18.468957756209207,nan,7.576539079205161,-18.468957756209207,26.045496835414383,2.144315502919369,-0.00014022118396672428,0,nan,320.0,1600.0,0.0
284,12.875000000000613,12.875000000000613,nan,-18.468963123791067,nan,7.662421183208634,-18.468963123791067,26.131384306999706,2.1490834415265327,-0.00012961980259732061,0,nan,320.0,1600.0,0.0
285,12.915000000000619,12.915000000000619,nan,-18.468968085558483,nan,7.748493680148073,-18.468968085558483,26.21746176570656,2.1538354106536457,-0.00011981993554807991,0,nan,320.0,1600.0,0.0
286,12.955000000000625,12.955000000000625,nan,-18.468972672192933,nan,7.834755928396059,-18.468972672192933,26.303728600588983,2.1585712716179097,-0.00011076098456458225,0,nan,320.0,1600.0,0.0
287,12.995000000000632,12.995000000000632,nan,-18.468976912056235,nan,7.921207280775265,-18.468976912056235,26.390184192831498,2.1632908856243365,-0.00010238693290560877,0,nan,320.0,1600.0,0.0
288,13.035000000000638,13.035000000000638,nan,-18.468980831365922,nan,8.007847084554195,-18.468980831365922,26.476827915920126,2.167994113777475,-9.46459989591839e-05,0,nan,320.0,1600.0,0.0
289,13.075000000000644,13.075000000000644,nan,-18.468984454357347,nan,8.094674681443413,-18.468984454357347,26.563659135800776,2.1726808170932537,-8.749031604687441e-05,0,nan,320.0,1600.0,0.0
290,13.11500000000065,13.11500000000065,nan,-18.468987803433567,nan,8.181689407592241,-18.468987803433567,26.650677211025823,2.1773508565109148,-8.087563643639072e-05,0,nan,320.0,1600.0,0.0
291,13.155000000000657,13.155000000000657,nan,-18.46899089930387,nan,8.268890593585924,-18.46899089930387,26.737881492889784,2.182004092905061,-7.476105773222799e-05,0,nan,320.0,1600.0,0.0
292,13.195000000000663,13.195000000000663,nan,-18.468993761111804,nan,8.356277564443303,-18.468993761111804,26.825271325555093,2.1866403870977846,-6.910876995246255e-05,0,nan,320.0,1600.0,0.0
293,13.23500000000067,13.23500000000067,nan,-18.468996406553597,nan,8.44384963961495,-18.468996406553597,26.91284604616854,2.1912595998709086,-6.388382172773279e-05,0,nan,320.0,1600.0,0.0
294,13.275000000000675,13.275000000000675,nan,-18.468998851987546,nan,8.531606132981812,-18.468998851987546,27.000604984969357,2.1958615919783178,-5.905390417667708e-05,0,nan,320.0,1600.0,0.0
295,13.315000000000682,13.315000000000682,nan,-18.469001112535175,nan,8.61954635285435,-18.469001112535175,27.088547465389524,2.200446224158388,-5.45891511214059e-05,0,nan,320.0,1600.0,0.0
296,13.355000000000688,13.355000000000688,nan,-18.46900320217477,nan,8.707669601972158,-18.46900320217477,27.176672804146932,2.2050133571465067,-5.0461954407624265e-05,0,nan,320.0,1600.0,0.0
297,13.395000000000694,13.395000000000694,nan,-18.46900513382777,nan,8.795975177504113,-18.46900513382777,27.264980311331897,2.2095628516876857,-4.6646793187422055e-05,0,nan,320.0,1600.0,0.0
298,13.4350000000007,13.4350000000007,nan,-18.469006919438716,nan,8.884462371049008,-18.469006919438716,27.353469290487737,2.2140945685492714,-4.3120076109088745e-05,0,nan,320.0,1600.0,0.0
299,13.475000000000707,13.475000000000707,nan,-18.46900857004907,nan,8.973130468636704,-18.46900857004907,27.44213903868578,2.218608368533734,-3.985999543812077e-05,0,nan,320.0,1600.0,0.0
